nodes	id	label	first_name	last_name	affiliation_name	created_at	updated_at	twitter_username	blog_feed_url	blog_url	alias_list	born_month	crunchbase_url	homepage_url	born_day	born_year
aadi-deshpande	665376	person	Aadi	Deshpande	Unaffiliated	Thu Oct 02 17:46:39 UTC 2008	Fri Oct 03 19:25:26 UTC 2008						http://www.crunchbase.com/person/aadi-deshpande			
aadik-shekar	665377	person	Aadik	Shekar	Unaffiliated	Fri Jun 28 06:34:56 UTC 2013	Fri Jun 28 06:36:18 UTC 2013						http://www.crunchbase.com/person/aadik-shekar			
aadil-mamujee	665378	person	Aadil	Mamujee	Unaffiliated	Wed Oct 16 07:46:35 UTC 2013	Wed Oct 16 07:46:35 UTC 2013						http://www.crunchbase.com/person/aadil-mamujee			
aadit-singh-bimbhet	665379	person	Aadit	Singh Bimbhet	Fast Forward Advisors	Sun Feb 10 12:03:42 UTC 2013	Wed Feb 20 22:39:35 UTC 2013						http://www.crunchbase.com/person/aadit-singh-bimbhet			
aadith-d-vikram	665380	person	Aadith	D. Vikram	Unaffiliated	Sat Sep 27 04:49:06 UTC 2008	Sat Sep 27 06:36:34 UTC 2008						http://www.crunchbase.com/person/aadith-d-vikram			
aaditya-gupta	665381	person	Aaditya	Gupta	Unaffiliated	Tue Feb 25 04:54:01 UTC 2014	Tue Feb 25 20:21:15 UTC 2014						http://www.crunchbase.com/person/aaditya-gupta			
aaditya-paul	665382	person	Aaditya	Paul	Unaffiliated	Mon Sep 06 15:25:49 UTC 2010	Tue Sep 07 23:35:08 UTC 2010						http://www.crunchbase.com/person/aaditya-paul			
aaditya-sood	665383	person	Aaditya	Sood	Unaffiliated	Wed Oct 09 09:39:19 UTC 2013	Wed Oct 09 11:33:31 UTC 2013						http://www.crunchbase.com/person/aaditya-sood			
aakar-industries	665384	person	Aakar	Industries	Unaffiliated	Mon Apr 01 11:23:32 UTC 2013	Mon Apr 01 11:23:34 UTC 2013						http://www.crunchbase.com/person/aakar-industries	http://www.indiamart.com/aakarindustries		
aakar-patel	665385	person	Aakar	Patel	Unaffiliated	Thu Aug 04 02:14:15 UTC 2011	Thu Aug 04 02:14:15 UTC 2011						http://www.crunchbase.com/person/aakar-patel			
aakarsh-nair	665386	person	Aakarsh	Nair	Unaffiliated	Sat Dec 20 00:47:59 UTC 2008	Mon Dec 22 01:52:45 UTC 2008						http://www.crunchbase.com/person/aakarsh-nair			
aakash-attharkar	665387	person	Aakash	Attharkar	Unaffiliated	Fri Dec 09 04:14:34 UTC 2011	Thu Dec 15 21:09:34 UTC 2011					2	http://www.crunchbase.com/person/aakash-attharkar		13	1992
aakash-banerjee	665388	person	Aakash	Banerjee	Unaffiliated	Wed Apr 11 23:12:59 UTC 2012	Fri Apr 13 21:50:13 UTC 2012						http://www.crunchbase.com/person/aakash-banerjee			
aakash-desai	665389	person	Aakash	Desai	Code for America	Thu Jun 06 06:57:44 UTC 2013	Thu Dec 19 09:36:03 UTC 2013	aakashhdesai					http://www.crunchbase.com/person/aakash-desai			
aakash-dharmadhikari	665390	person	Aakash	Dharmadhikari	C42 Engineering	Sun Oct 16 15:05:31 UTC 2011	Sun Oct 30 23:32:03 UTC 2011	aakashd		http://prblm.aakashd.com		4	http://www.crunchbase.com/person/aakash-dharmadhikari		4	1984
aakash-goel	665391	person	Aakash	Goel	Unaffiliated	Sat Aug 10 10:54:52 UTC 2013	Fri Mar 07 01:49:52 UTC 2014						http://www.crunchbase.com/person/aakash-goel			
aakash-goyel	665392	person	Aakash	Goyel	Unaffiliated	Tue Jul 12 01:05:19 UTC 2011	Tue Jul 12 19:06:33 UTC 2011						http://www.crunchbase.com/person/aakash-goyel			
aakash-gupta	665393	person	Aakash	Gupta	Unaffiliated	Wed May 29 11:33:47 UTC 2013	Fri Jun 21 18:48:16 UTC 2013						http://www.crunchbase.com/person/aakash-gupta			
aakash-kr-gupta	665394	person	Aakash	Kr. Gupta	Unaffiliated	Sun Jun 03 16:59:18 UTC 2012	Sat Jun 09 16:12:47 UTC 2012	Technotrons				3	http://www.crunchbase.com/person/aakash-kr-gupta	http://www.technotrons.com	13	1991
aakash-mittal	665395	person	Aakash	Mittal	Gtechwebindia	Thu Dec 09 22:28:45 UTC 2010	Mon Jul 29 10:18:05 UTC 2013	gtechwebindia				3	http://www.crunchbase.com/person/aakash-mittal	http://www.gtechwebindia.com	6	1978
aakash-patel	665396	person	Aakash	Patel	GigaStorm	Wed Apr 10 13:57:40 UTC 2013	Thu Feb 20 09:51:28 UTC 2014						http://www.crunchbase.com/person/aakash-patel	http://me.avp42.com		
aakash-prasad	665397	person	Aakash	Prasad	Unaffiliated	Mon Sep 10 19:42:43 UTC 2012	Sun Sep 16 19:41:47 UTC 2012						http://www.crunchbase.com/person/aakash-prasad			
aakash-shah	665398	person	Aakash	Shah	Unaffiliated	Fri Sep 10 17:26:03 UTC 2010	Thu Feb 23 03:05:13 UTC 2012						http://www.crunchbase.com/person/aakash-shah			
aakash-thumaty	665399	person	Aakash	Thumaty	Unaffiliated	Thu Jul 25 20:41:03 UTC 2013	Thu Jul 25 21:48:27 UTC 2013						http://www.crunchbase.com/person/aakash-thumaty			
aake-gregertsen	665400	person	Aake	Gregertsen	Unaffiliated	Thu Aug 15 07:14:03 UTC 2013	Thu Aug 15 07:14:03 UTC 2013						http://www.crunchbase.com/person/aake-gregertsen			
aakrit-vaish	665401	person	Aakrit	Vaish	Unaffiliated	Fri Feb 28 04:35:33 UTC 2014	Fri Feb 28 04:35:52 UTC 2014						http://www.crunchbase.com/person/aakrit-vaish			
aakrit-vaish-2	665402	person	Aakrit	Vaish	Flat.to	Mon Mar 03 10:51:45 UTC 2014	Tue Mar 04 10:05:05 UTC 2014	aakuvaish		http://aakr.it			http://www.crunchbase.com/person/aakrit-vaish-2			
aakriti-gupta	665403	person	Aakriti	Gupta	Groupiest	Fri Jul 06 11:00:51 UTC 2012	Mon Dec 16 07:26:37 UTC 2013	Groupiest				2	http://www.crunchbase.com/person/aakriti-gupta	http://groupiest.com/en	9	1987
aaliyah-lina	665404	person	Aaliyah	Lina	Unaffiliated	Wed Dec 19 10:16:08 UTC 2012	Thu Feb 06 10:12:40 UTC 2014	AaliyahLina				5	http://www.crunchbase.com/person/aaliyah-lina		5	1985
aalap-mahadevia	665405	person	Aalap	Mahadevia	Unaffiliated	Thu May 20 19:04:14 UTC 2010	Thu May 20 19:07:09 UTC 2010						http://www.crunchbase.com/person/aalap-mahadevia			
aaliyah-carroll	665406	person	Aaliyah	Carroll	Unaffiliated	Fri Jun 14 08:15:00 UTC 2013	Mon Jun 24 19:57:45 UTC 2013	healthqas		http://blogs.rediff.com/commonhealth/		8	http://www.crunchbase.com/person/aaliyah-carroll	http://www.healthqas.org	22	1988
aalok-jain	665407	person	Aalok	Jain	Unaffiliated	Tue Sep 24 06:46:18 UTC 2013	Thu Sep 26 08:32:12 UTC 2013						http://www.crunchbase.com/person/aalok-jain			
1-sarath-kumar-kumaraiah	665219	person	(1)	Sarath Kumar Kumaraiah	Unaffiliated	Sun Dec 22 20:38:37 UTC 2013	Tue Dec 24 05:56:25 UTC 2013						http://www.crunchbase.com/person/1-sarath-kumar-kumaraiah			
10-others	665220	person	10	Others	Unaffiliated	Tue Jan 10 17:47:25 UTC 2012	Thu Jan 12 03:50:32 UTC 2012						http://www.crunchbase.com/person/10-others			
1001-tattoos	665221	person	1001	tattoos	Unaffiliated	Mon Mar 25 05:10:24 UTC 2013	Mon Mar 25 05:10:26 UTC 2013						http://www.crunchbase.com/person/1001-tattoos	http://www.1001-tattoos.com		
10762-chestnut-avenue	665222	person	10762	CHESTNUT AVENUE	Unaffiliated	Wed Jan 29 11:24:18 UTC 2014	Wed Jan 29 11:24:18 UTC 2014						http://www.crunchbase.com/person/10762-chestnut-avenue			
12month-loans	665223	person	12month	loans	Unaffiliated	Mon Mar 18 05:48:39 UTC 2013	Mon Mar 18 05:48:42 UTC 2013	need12monthloan					http://www.crunchbase.com/person/12month-loans	http://www.need12monthloans.co.uk		
13-other-individuals	665224	person	13	Other Individuals	Unaffiliated	Wed Dec 28 17:24:50 UTC 2011	Thu Dec 29 06:18:21 UTC 2011						http://www.crunchbase.com/person/13-other-individuals			
14870-las-flores-lane	665225	person	14870	LAS FLORES LANE	Unaffiliated	Fri Aug 30 04:41:18 UTC 2013	Fri Aug 30 04:41:18 UTC 2013						http://www.crunchbase.com/person/14870-las-flores-lane			
1919-inc	665227	person	1919	inc	Unaffiliated	Tue Apr 10 11:32:56 UTC 2012	Thu Apr 12 23:25:48 UTC 2012	1919inc					http://www.crunchbase.com/person/1919-inc	http://www.1919inc.com		
1americans-view	665228	person	1Americans	View	Unaffiliated	Sun Apr 29 16:28:28 UTC 2012	Wed May 09 03:07:26 UTC 2012						http://www.crunchbase.com/person/1americans-view			
1st-admin	665229	person	Azeem	Aosaf	Professional Crew	Tue Oct 08 19:23:37 UTC 2013	Wed Oct 09 23:33:54 UTC 2013	azeemaosaf		http://professionalcrew.net		6	http://www.crunchbase.com/person/1st-admin	http://facebook.com/azeemaosaf	19	1992
1st-ceo	665230	person	1st	CEO	Unaffiliated	Tue Oct 08 19:23:37 UTC 2013	Tue Oct 08 22:16:15 UTC 2013						http://www.crunchbase.com/person/1st-ceo			
20-research-parkway	665231	person	20	RESEARCH PARKWAY	Unaffiliated	Thu Jan 30 11:48:05 UTC 2014	Thu Jan 30 11:48:05 UTC 2014						http://www.crunchbase.com/person/20-research-parkway			
20b-cio-asset-manager	665232	person	+$20B	CIO asset manager	Unaffiliated	Sun Feb 02 21:40:38 UTC 2014	Mon Feb 03 02:05:02 UTC 2014						http://www.crunchbase.com/person/20b-cio-asset-manager			
2def-com	665233	person	2def	com	Unaffiliated	Sun Sep 12 10:50:14 UTC 2010	Mon Sep 13 23:52:09 UTC 2010	2defcom	http://2def.com/2010-07-15-09-51-51.feed?type=rss	http://2def.com		4	http://www.crunchbase.com/person/2def-com	http://2def.com	19	1986
2nd-admin	665234	person	2nd	Admin	Unaffiliated	Tue Oct 08 19:23:37 UTC 2013	Tue Oct 08 22:16:16 UTC 2013						http://www.crunchbase.com/person/2nd-admin			
2nd-ceo	665235	person	2nd	CEO	Unaffiliated	Tue Oct 08 19:23:37 UTC 2013	Tue Oct 08 22:16:16 UTC 2013						http://www.crunchbase.com/person/2nd-ceo			
3-g-chemist	665236	person	3	g chemist	Unaffiliated	Sat Jun 29 06:12:01 UTC 2013	Mon Jul 01 19:02:07 UTC 2013						http://www.crunchbase.com/person/3-g-chemist			
3-other-individuals	665237	person	3	Other Individuals	Unaffiliated	Wed Dec 28 17:22:41 UTC 2011	Thu Dec 29 06:18:17 UTC 2011						http://www.crunchbase.com/person/3-other-individuals			
3-others	665238	person	3	Others	Unaffiliated	Fri Jan 06 15:06:23 UTC 2012	Mon Jan 09 22:19:37 UTC 2012						http://www.crunchbase.com/person/3-others			
425-molino-ave-sunnyvale-ca-94086-united-states	665239	person	425	Molino Ave Sunnyvale, CA 94086 United States	Unaffiliated	Mon Nov 04 16:43:43 UTC 2013	Thu Nov 07 23:23:52 UTC 2013						http://www.crunchbase.com/person/425-molino-ave-sunnyvale-ca-94086-united-states			
48hour-print	665240	person	48Hour	Print	Unaffiliated	Fri Apr 13 19:04:27 UTC 2012	Sun Apr 15 01:07:13 UTC 2012	48HourPrint		http://www.48HourPrint.com		5	http://www.crunchbase.com/person/48hour-print	http://www.48HourPrint.com	25	1961
4g-wereld	665241	person	4G	Wereld	Unaffiliated	Fri Mar 29 07:13:09 UTC 2013	Fri Mar 29 07:13:13 UTC 2013						http://www.crunchbase.com/person/4g-wereld			
6-angels	665242	person	6	angels	Unaffiliated	Sat Jul 17 22:43:38 UTC 2010	Mon Jul 19 15:10:33 UTC 2010						http://www.crunchbase.com/person/6-angels			
9dotstrategies-company	665243	person	9Dotstrategies	Company	Unaffiliated	Tue Mar 05 03:32:38 UTC 2013	Wed Apr 10 08:26:06 UTC 2013	9Dot_Strategies	http://www.9dotstrategies.com/feed/	http://www.9dotstrategies.com/blog			http://www.crunchbase.com/person/9dotstrategies-company	http://www.9dotstrategies.com		
a-a	665244	person	a	a	Unaffiliated	Thu Feb 06 13:35:33 UTC 2014	Tue Feb 11 23:16:40 UTC 2014						http://www.crunchbase.com/person/a-a			
a-a-schmitt	665245	person	A.	A. Schmitt	Unaffiliated	Fri Jul 05 12:45:58 UTC 2013	Fri Jul 05 12:45:58 UTC 2013						http://www.crunchbase.com/person/a-a-schmitt			
a-aa	665246	person	a	aa	Unaffiliated	Mon Nov 05 02:16:36 UTC 2012	Tue Nov 06 00:36:40 UTC 2012						http://www.crunchbase.com/person/a-aa			
a-abir	665247	person	A	Abir	Unaffiliated	Tue Feb 19 15:27:56 UTC 2013	Tue Feb 19 22:22:35 UTC 2013	MovingRelo	http://www.movingrelocation.com/feed	http://www.movingrelocation.com/blog			http://www.crunchbase.com/person/a-abir	http://www.movingrelocation.com		
a-b	665248	person	a	b	Unaffiliated	Mon Aug 26 19:25:19 UTC 2013	Mon Aug 26 20:07:24 UTC 2013						http://www.crunchbase.com/person/a-b			
a-b-enterprises	665249	person	A. B.	Enterprises	Unaffiliated	Sat Apr 06 09:08:11 UTC 2013	Mon Apr 08 00:22:33 UTC 2013						http://www.crunchbase.com/person/a-b-enterprises	http://www.abenterpriseindia.com		
a-barr-dolan	665250	person	A.	Barr Dolan	Unaffiliated	Tue Nov 10 14:26:25 UTC 2009	Wed Dec 11 20:12:46 UTC 2013						http://www.crunchbase.com/person/a-barr-dolan			
a-bea-hightower	665251	person	A.	Bea Hightower	Unaffiliated	Mon Nov 19 14:41:01 UTC 2012	Wed Nov 21 08:03:25 UTC 2012						http://www.crunchbase.com/person/a-bea-hightower			
a-bowman	665252	person	A.	Bowman	Unaffiliated	Mon Dec 21 18:51:16 UTC 2009	Tue Oct 01 21:31:41 UTC 2013						http://www.crunchbase.com/person/a-bowman			
a-brad-cann	665253	person	A.	Brad Cann	Unaffiliated	Wed Jul 21 01:44:31 UTC 2010	Thu Aug 15 11:48:06 UTC 2013						http://www.crunchbase.com/person/a-brad-cann			
a-bruce-johnston	665254	person	A.	Bruce Johnston	Unaffiliated	Fri Sep 06 06:22:04 UTC 2013	Fri Sep 13 11:38:09 UTC 2013						http://www.crunchbase.com/person/a-bruce-johnston			
a-c-d-augustine	665255	person	A.C.	D Augustine	Unaffiliated	Tue Apr 20 06:16:07 UTC 2010	Tue Apr 20 06:16:07 UTC 2010						http://www.crunchbase.com/person/a-c-d-augustine			
a-carey-zuniga	665256	person	a	carey-zuniga	Unaffiliated	Wed May 12 14:22:28 UTC 2010	Mon May 31 01:04:58 UTC 2010	doyoudoubtthat		http://almacz.wordpress.com/			http://www.crunchbase.com/person/a-carey-zuniga			1917
a-charles-baillie	665257	person	A.	Charles Baillie	Unaffiliated	Tue Dec 24 06:03:40 UTC 2013	Tue Dec 24 06:13:01 UTC 2013						http://www.crunchbase.com/person/a-charles-baillie			
a-christopher-bulger	665258	person	A.	Christopher Bulger	Unaffiliated	Wed Apr 08 21:26:39 UTC 2009	Fri Apr 10 20:03:35 UTC 2009						http://www.crunchbase.com/person/a-christopher-bulger			
a-curci	665259	person	A.	Curci	Unaffiliated	Thu Aug 07 10:46:17 UTC 2008	Thu Aug 07 18:02:52 UTC 2008						http://www.crunchbase.com/person/a-curci			
a-d-hewett	665260	person	A D	Hewett	Unaffiliated	Mon Jul 16 09:57:31 UTC 2012	Mon Jul 16 10:07:27 UTC 2012	ADHewett					http://www.crunchbase.com/person/a-d-hewett	http://www.adhewett.co.uk		
a-d-kent	665261	person	A.D.	Kent	Unaffiliated	Mon Feb 25 00:38:33 UTC 2013	Mon Feb 25 06:08:54 UTC 2013						http://www.crunchbase.com/person/a-d-kent			
a-d-terpstra	665262	person	A.D.	Terpstra	Unaffiliated	Sun Jul 05 21:02:06 UTC 2009	Tue Jul 07 21:12:09 UTC 2009						http://www.crunchbase.com/person/a-d-terpstra			
a-craig-asher	665263	person	A.	Craig Asher	Unaffiliated	Fri Nov 01 07:30:40 UTC 2013	Mon Jan 06 10:39:49 UTC 2014						http://www.crunchbase.com/person/a-craig-asher			
a-dana-callow-jr	665264	person	A.	Dana Callow, Jr.	Unaffiliated	Tue Apr 23 14:36:36 UTC 2013	Tue Apr 23 14:45:13 UTC 2013						http://www.crunchbase.com/person/a-dana-callow-jr			
a-david-thyresson	665265	person	A.	David Thyresson	Unaffiliated	Wed May 09 19:41:03 UTC 2012	Fri May 11 03:40:58 UTC 2012						http://www.crunchbase.com/person/a-david-thyresson			
a-devina	665266	person	A	Devina	Unaffiliated	Sun Feb 10 05:00:32 UTC 2013	Wed Feb 13 23:56:08 UTC 2013						http://www.crunchbase.com/person/a-devina			
a-dionysiou	665267	person	A	Dionysiou	Unaffiliated	Thu Jul 09 07:32:21 UTC 2009	Sat Jul 11 20:45:36 UTC 2009						http://www.crunchbase.com/person/a-dionysiou			
a-douglas-melamed	665268	person	A.	Douglas Melamed	Unaffiliated	Fri Feb 21 06:42:45 UTC 2014	Fri Feb 21 07:04:51 UTC 2014						http://www.crunchbase.com/person/a-douglas-melamed			
a-e-natarajan	665269	person	A.E.	Natarajan	Unaffiliated	Wed Mar 05 08:50:55 UTC 2014	Wed Mar 05 08:58:11 UTC 2014						http://www.crunchbase.com/person/a-e-natarajan			
a-edward-mohebi	665270	person	A.	Edward Mohebi	Unaffiliated	Tue May 08 20:16:31 UTC 2012	Thu May 10 19:11:36 UTC 2012						http://www.crunchbase.com/person/a-edward-mohebi			
a-eugene-washington	665271	person	A.	Eugene Washington	Unaffiliated	Sun Oct 27 07:56:36 UTC 2013	Sun Oct 27 08:59:03 UTC 2013						http://www.crunchbase.com/person/a-eugene-washington			
a-european-angel-syndicate	665272	person	A	European Angel Syndicate	Unaffiliated	Thu Jan 30 12:41:02 UTC 2014	Thu Jan 30 13:02:26 UTC 2014						http://www.crunchbase.com/person/a-european-angel-syndicate			
a-fahmy	665273	person	A.	Fahmy	Unaffiliated	Mon Aug 26 09:29:09 UTC 2013	Mon Aug 26 09:29:09 UTC 2013						http://www.crunchbase.com/person/a-fahmy			
a-faisal-siddiqui	665274	person	A. Faisal	Siddiqui	Unaffiliated	Mon Jan 21 18:42:20 UTC 2013	Tue Jan 22 05:34:29 UTC 2013	afaisalsiddiqui					http://www.crunchbase.com/person/a-faisal-siddiqui			
a-fortes	665275	person	Alberto	Fortes	LaborYou International	Thu Dec 29 11:08:15 UTC 2011	Tue May 29 01:31:16 UTC 2012	albertofs				10	http://www.crunchbase.com/person/a-fortes	http://www.albertofortes.com	31	1977
a-franklin-rice	665276	person	A.	Franklin Rice	Unaffiliated	Mon Jun 15 05:55:26 UTC 2009	Mon Jun 15 06:00:02 UTC 2009						http://www.crunchbase.com/person/a-franklin-rice			
a-frith	665277	person	a	frith	Unaffiliated	Tue Sep 03 19:19:50 UTC 2013	Tue Sep 03 23:18:00 UTC 2013						http://www.crunchbase.com/person/a-frith			
a-fruit	665278	person	A.	Fruit	Unaffiliated	Tue Feb 15 22:16:23 UTC 2011	Thu Feb 17 07:15:32 UTC 2011						http://www.crunchbase.com/person/a-fruit			
a-g-w-biddle-iii	665279	person	A.G.W.	Biddle, III	Unaffiliated	Tue Nov 25 07:09:37 UTC 2008	Mon Dec 09 06:34:45 UTC 2013						http://www.crunchbase.com/person/a-g-w-biddle-iii			
a-george-skip-battle	665280	person	A.	George (Skip) Battle	Unaffiliated	Wed Apr 17 14:43:25 UTC 2013	Wed Apr 17 14:43:25 UTC 2013						http://www.crunchbase.com/person/a-george-skip-battle			
a-guven-onder	665281	person	A.	Guven Onder	Unaffiliated	Tue Jan 01 11:25:46 UTC 2013	Wed Jan 02 02:19:56 UTC 2013						http://www.crunchbase.com/person/a-guven-onder			
a-harrison-barnes	665282	person	A	Harrison Barnes	Unaffiliated	Mon Dec 22 09:59:41 UTC 2008	Tue Dec 23 00:14:59 UTC 2008						http://www.crunchbase.com/person/a-harrison-barnes			
a-heaton-robertson	665283	person	A.	Heaton Robertson	Unaffiliated	Wed Feb 12 04:53:21 UTC 2014	Wed Feb 12 04:53:21 UTC 2014						http://www.crunchbase.com/person/a-heaton-robertson			
a-href-http-www-handd-co-uk-about-handd-business-solutions-history-of-handd-anthony-hodges	665284	person	Anthony	Hodges	Unaffiliated	Wed Oct 10 16:20:04 UTC 2012	Wed Aug 21 18:00:18 UTC 2013						http://www.crunchbase.com/person/a-href-http-www-handd-co-uk-about-handd-business-solutions-history-of-handd-anthony-hodges			
a-href-http-www-handd-co-uk-about-handd-business-solutions-history-of-handd-ian-davin	665285	person	<a	"href=""http://www.handd.co.uk/about-handd-business-solutions/history-of-handd/"">Ian Davin"	Unaffiliated	Wed Oct 10 16:20:35 UTC 2012	Thu Oct 18 02:30:55 UTC 2012						http://www.crunchbase.com/person/a-href-http-www-handd-co-uk-about-handd-business-solutions-history-of-handd-ian-davin			
a-j-altman	665286	person	A.J.	Altman	Unaffiliated	Fri Jun 08 17:36:22 UTC 2012	Wed Jan 29 14:13:04 UTC 2014						http://www.crunchbase.com/person/a-j-altman			
a-j-horst	665287	person	A.J.	Horst	Unaffiliated	Mon Mar 28 19:05:28 UTC 2011	Tue Apr 05 21:46:38 UTC 2011						http://www.crunchbase.com/person/a-j-horst			
a-j-hyland	665288	person	A	J Hyland	Unaffiliated	Sun Aug 09 12:07:29 UTC 2009	Thu Oct 24 13:57:59 UTC 2013						http://www.crunchbase.com/person/a-j-hyland			
a-j-kazimi	665289	person	A.J.	Kazimi	Unaffiliated	Sun Feb 20 17:18:48 UTC 2011	Sun Feb 20 17:18:48 UTC 2011						http://www.crunchbase.com/person/a-j-kazimi			
a-j-lawrence	665290	person	A.J.	Lawrence	The JAR Group	Mon May 03 17:30:58 UTC 2010	Wed May 22 12:01:41 UTC 2013						http://www.crunchbase.com/person/a-j-lawrence			
a-j-lewis	665291	person	A.J.	Lewis	Unaffiliated	Sat Nov 14 06:38:08 UTC 2009	Mon Nov 16 18:01:19 UTC 2009						http://www.crunchbase.com/person/a-j-lewis			
a-j-lewis-2	665292	person	A.J.	Lewis	Unaffiliated	Tue Nov 13 04:33:22 UTC 2012	Wed Nov 14 02:38:17 UTC 2012						http://www.crunchbase.com/person/a-j-lewis-2			
a-j-mccardell	665293	person	A.J.	McCardell	Unaffiliated	Tue Oct 01 06:23:03 UTC 2013	Tue Oct 01 07:14:39 UTC 2013						http://www.crunchbase.com/person/a-j-mccardell			
a-j-mcclary	665294	person	A.J.	McClary	Armedia	Fri Feb 18 16:59:17 UTC 2011	Tue Jun 05 03:14:20 UTC 2012	ajmcclary	http://www.ajmcclary.com/feed	http://www.ajmcclary.com			http://www.crunchbase.com/person/a-j-mcclary	http://www.solarswift.com		
a-j-nassar	665295	person	A.J.	Nassar	Unaffiliated	Mon Jan 28 03:05:45 UTC 2013	Sun Mar 23 05:55:50 UTC 2014						http://www.crunchbase.com/person/a-j-nassar			
a-j-nicholson	665296	person	A	J Nicholson	Unaffiliated	Fri Jul 13 16:05:55 UTC 2012	Sat Jul 14 11:39:51 UTC 2012						http://www.crunchbase.com/person/a-j-nicholson			
a-j-remlinger	665297	person	A.J.	Remlinger	Unaffiliated	Mon Jul 15 22:13:58 UTC 2013	Sat Nov 02 18:22:35 UTC 2013						http://www.crunchbase.com/person/a-j-remlinger			
a-j-robertson	665298	person	A.J.	Robertson	Unaffiliated	Fri May 31 15:35:52 UTC 2013	Fri May 31 20:52:36 UTC 2013						http://www.crunchbase.com/person/a-j-robertson			
a-j-rohan	665299	person	A.J.	Rohan	Unaffiliated	Sun Apr 17 02:03:50 UTC 2011	Mon Apr 18 22:53:04 UTC 2011						http://www.crunchbase.com/person/a-j-rohan			
a-j-rohde	665300	person	A.J.	Rohde	Unaffiliated	Wed Jan 22 06:59:29 UTC 2014	Wed Jan 22 06:59:57 UTC 2014						http://www.crunchbase.com/person/a-j-rohde			
a-j-schwidder	665301	person	A.J.	Schwidder	Unaffiliated	Mon Oct 07 11:41:24 UTC 2013	Mon Oct 07 11:41:24 UTC 2013						http://www.crunchbase.com/person/a-j-schwidder			
a-j-sen	665302	person	A.	J. Sen	Unaffiliated	Tue Apr 20 06:10:07 UTC 2010	Tue Apr 20 06:10:07 UTC 2010						http://www.crunchbase.com/person/a-j-sen			
a-j-steigman	665303	person	A.J.	Steigman	Unaffiliated	Thu Jul 12 20:09:59 UTC 2012	Sat Jun 15 06:15:01 UTC 2013						http://www.crunchbase.com/person/a-j-steigman			
a-j-teague	665304	person	A.	J. Teague	Unaffiliated	Thu Mar 20 05:42:46 UTC 2014	Thu Mar 20 06:22:12 UTC 2014						http://www.crunchbase.com/person/a-j-teague			
a-j-verdecchia	665305	person	A.J.	Verdecchia	Unaffiliated	Tue Jun 12 17:50:57 UTC 2012	Mon Jun 25 03:49:30 UTC 2012	ajverdecchia				9	http://www.crunchbase.com/person/a-j-verdecchia	http://www.linkedin.com/in/ajverdecchia	10	1966
a-j-workman	665306	person	A.J.	Workman	Unaffiliated	Wed May 19 23:33:31 UTC 2010	Fri May 21 16:51:10 UTC 2010						http://www.crunchbase.com/person/a-j-workman			
a-j-yeakel	665307	person	A.J.	Yeakel	Unaffiliated	Mon Sep 24 03:03:38 UTC 2012	Wed Sep 26 23:12:27 UTC 2012						http://www.crunchbase.com/person/a-j-yeakel			
a-james-clark	665308	person	A.	James Clark	Unaffiliated	Wed Nov 13 05:06:57 UTC 2013	Wed Nov 13 05:14:11 UTC 2013						http://www.crunchbase.com/person/a-james-clark			
a-jayaprakash	665309	person	A	Jayaprakash	Unaffiliated	Sat Mar 08 07:27:16 UTC 2014	Sat Mar 08 10:14:10 UTC 2014						http://www.crunchbase.com/person/a-jayaprakash			
a-joe-delgado	665310	person	A.	Joe Delgado	Unaffiliated	Sat Nov 29 19:26:45 UTC 2008	Sat Nov 29 19:49:14 UTC 2008						http://www.crunchbase.com/person/a-joe-delgado			
a-johnson	665311	person	A.	Johnson	Unaffiliated	Tue Feb 04 15:20:14 UTC 2014	Tue Feb 04 18:22:25 UTC 2014						http://www.crunchbase.com/person/a-johnson			
a-joseph-stern	665312	person	A.	Joseph Stern	Unaffiliated	Thu May 30 11:31:34 UTC 2013	Thu May 30 11:41:03 UTC 2013						http://www.crunchbase.com/person/a-joseph-stern			
a-joshua-strickland	665313	person	A.	Joshua Strickland	Unaffiliated	Thu Dec 26 10:21:34 UTC 2013	Thu Dec 26 10:23:10 UTC 2013						http://www.crunchbase.com/person/a-joshua-strickland			
a-k-beejawat	665314	person	A.	K. Beejawat	Unaffiliated	Fri Feb 28 04:05:52 UTC 2014	Fri Feb 28 04:05:52 UTC 2014						http://www.crunchbase.com/person/a-k-beejawat			
a-k-chaudhry	665315	person	A.K	Chaudhry	Unaffiliated	Tue Feb 22 07:08:19 UTC 2011	Tue Feb 22 07:20:04 UTC 2011						http://www.crunchbase.com/person/a-k-chaudhry			
a-kayvon-bina	665317	person	A.	Kayvon Bina	Unaffiliated	Wed Nov 16 01:03:17 UTC 2011	Mon Nov 21 05:39:36 UTC 2011						http://www.crunchbase.com/person/a-kayvon-bina			
a-latham-staples	665318	person	A.	Latham Staples	Unaffiliated	Mon Sep 02 11:18:15 UTC 2013	Mon Sep 02 11:18:15 UTC 2013						http://www.crunchbase.com/person/a-latham-staples			
a-le-saux-narjoz	665319	person	Agnes	Le Saux-Narjoz	Unaffiliated	Thu Dec 26 07:21:54 UTC 2013	Thu Dec 26 07:23:32 UTC 2013						http://www.crunchbase.com/person/a-le-saux-narjoz			
a-m-hodes	665320	person	Alan	Hodes	ioWorld	Sun Sep 13 19:09:27 UTC 2009	Tue Mar 30 19:53:44 UTC 2010	alanhodes					http://www.crunchbase.com/person/a-m-hodes			
a-manifold	665321	person	A.	Manifold	Unaffiliated	Tue Aug 13 02:55:58 UTC 2013	Tue Aug 13 02:55:58 UTC 2013						http://www.crunchbase.com/person/a-manifold			
a-marc-gillinov	665322	person	A.	Marc Gillinov	Unaffiliated	Tue Oct 22 03:26:45 UTC 2013	Sat Nov 09 12:30:55 UTC 2013	MarcGillinov					http://www.crunchbase.com/person/a-marc-gillinov			
a-marchant	665323	person	A	Marchant	Unaffiliated	Fri Mar 25 11:55:31 UTC 2011	Mon May 23 01:01:41 UTC 2011	1st4buyers					http://www.crunchbase.com/person/a-marchant	http://www.1st4buyers.co.uk		
a-michael-albisser	665324	person	A.	Michael Albisser	Unaffiliated	Mon Jul 29 10:21:50 UTC 2013	Mon Jul 29 10:21:50 UTC 2013						http://www.crunchbase.com/person/a-michael-albisser			
a-michael-hoffman	665325	person	A.	Michael Hoffman	Unaffiliated	Mon Sep 30 11:21:12 UTC 2013	Mon Sep 30 11:21:56 UTC 2013						http://www.crunchbase.com/person/a-michael-hoffman			
a-michael-mann	665326	person	A. Michael	Mann	Unaffiliated	Sun Jan 12 07:09:55 UTC 2014	Tue Jan 14 18:16:45 UTC 2014	aMichaelMann				3	http://www.crunchbase.com/person/a-michael-mann		17	1973
a-michael-sramek	665327	person	A. Michael	Sramek	RogersCasey	Mon Dec 09 06:03:33 UTC 2013	Tue Dec 10 19:18:09 UTC 2013						http://www.crunchbase.com/person/a-michael-sramek			
a-mittal	665328	person	A	Mittal	Unaffiliated	Thu Jan 05 11:38:42 UTC 2012	Thu Jan 12 08:52:27 UTC 2012			http://dkagencies.blogspot.com		11	http://www.crunchbase.com/person/a-mittal	http://dkagencies.com	10	1975
a-mohta	665329	person	A	Mohta	Unaffiliated	Sat Dec 19 20:41:50 UTC 2009	Sat Dec 26 17:11:09 UTC 2009						http://www.crunchbase.com/person/a-mohta			
a-moret	665330	person	A.	Moret	Unaffiliated	Tue Feb 12 01:34:23 UTC 2013	Fri Jul 19 10:16:09 UTC 2013						http://www.crunchbase.com/person/a-moret			
a-nagarnes	665332	person	A.	Nagarnes	Unaffiliated	Sun Jul 29 22:58:32 UTC 2012	Mon Jul 30 08:23:39 UTC 2012						http://www.crunchbase.com/person/a-nagarnes			
a-nandvarik	665333	person	A	Nandvarik	Unaffiliated	Wed Aug 05 10:16:06 UTC 2009	Wed Aug 05 18:36:28 UTC 2009						http://www.crunchbase.com/person/a-nandvarik			
a-nobbs	665334	person	A.	Nobbs	Unaffiliated	Sun Jul 05 21:02:06 UTC 2009	Tue Jul 07 21:12:10 UTC 2009						http://www.crunchbase.com/person/a-nobbs			
a-p-de	665335	person	A.P.	de	Unaffiliated	Thu Aug 15 07:11:41 UTC 2013	Thu Aug 15 07:11:41 UTC 2013						http://www.crunchbase.com/person/a-p-de			
a-p-de-2	665336	person	A.P.	de	Unaffiliated	Thu Aug 15 07:12:58 UTC 2013	Thu Aug 15 07:12:58 UTC 2013						http://www.crunchbase.com/person/a-p-de-2			
a-pierre-yurow	665337	person	A. Pierre	Yurow	Unaffiliated	Fri Aug 03 01:07:59 UTC 2012	Sat Aug 04 14:45:04 UTC 2012						http://www.crunchbase.com/person/a-pierre-yurow			
a-prof-neo-kok-beng	665338	person	NEO	Kok Beng	Unaffiliated	Tue Oct 25 06:04:58 UTC 2011	Tue Dec 03 08:39:21 UTC 2013						http://www.crunchbase.com/person/a-prof-neo-kok-beng			
a-quin	665339	person	A	Quin	Unaffiliated	Thu Jan 16 07:23:28 UTC 2014	Thu Jan 16 07:24:01 UTC 2014						http://www.crunchbase.com/person/a-quin			
a-r-basith	665340	person	A.r	Basith	Unaffiliated	Sun Dec 15 13:18:23 UTC 2013	Mon Dec 16 00:05:27 UTC 2013						http://www.crunchbase.com/person/a-r-basith			
a-r-rahman	665341	person	A.	R. Rahman	Unaffiliated	Wed Feb 15 07:04:12 UTC 2012	Thu Feb 16 18:16:52 UTC 2012						http://www.crunchbase.com/person/a-r-rahman			
a-r-weiler	665342	person	A.R.	Weiler	Unaffiliated	Sat Jun 20 01:16:12 UTC 2009	Sat Jun 20 17:52:38 UTC 2009						http://www.crunchbase.com/person/a-r-weiler			
a-ray-chaudhuri	665343	person	A.	Ray Chaudhuri	Unaffiliated	Tue May 28 11:41:07 UTC 2013	Tue May 28 11:41:07 UTC 2013						http://www.crunchbase.com/person/a-ray-chaudhuri			
a-robert-grant	665344	person	A.	Robert Grant	Unaffiliated	Wed Dec 07 05:28:45 UTC 2011	Fri Dec 16 02:52:24 UTC 2011						http://www.crunchbase.com/person/a-robert-grant			
a-s-controls-pvt-ltd	665345	person	A. S. Controls	Pvt Ltd.	Unaffiliated	Fri Apr 05 11:47:26 UTC 2013	Fri Apr 05 11:47:28 UTC 2013						http://www.crunchbase.com/person/a-s-controls-pvt-ltd	http://www.indiamart.com/as-controls		
a-scott-anderson	665346	person	A.	Scott Anderson	Unaffiliated	Wed Mar 05 06:40:13 UTC 2014	Wed Mar 05 06:42:55 UTC 2014						http://www.crunchbase.com/person/a-scott-anderson			
a-sethuraman	665347	person	A.	Sethuraman	Unaffiliated	Wed Oct 02 23:27:25 UTC 2013	Thu Oct 03 22:25:43 UTC 2013						http://www.crunchbase.com/person/a-sethuraman			
a-shuanise-washington	665348	person	A.	Shuanise Washington	Unaffiliated	Tue Oct 08 11:18:23 UTC 2013	Tue Oct 08 11:19:04 UTC 2013						http://www.crunchbase.com/person/a-shuanise-washington			
a-shukla	665349	person	A	Shukla	Unaffiliated	Tue Oct 19 03:00:04 UTC 2010	Fri Oct 22 23:02:32 UTC 2010						http://www.crunchbase.com/person/a-shukla			
a-speers	665350	person	A	Speers	Unaffiliated	Thu Jul 11 15:28:12 UTC 2013	Thu Jul 11 23:06:09 UTC 2013						http://www.crunchbase.com/person/a-speers			
a-srinivasa-rao	665351	person	A	Srinivasa Rao	Unaffiliated	Tue Feb 05 06:32:29 UTC 2013	Thu Feb 07 17:36:08 UTC 2013						http://www.crunchbase.com/person/a-srinivasa-rao			
a-stringfellow	665352	person	A.	Stringfellow	Unaffiliated	Mon Nov 23 05:36:58 UTC 2009	Mon Nov 23 18:11:39 UTC 2009						http://www.crunchbase.com/person/a-stringfellow			
a-t-fouty	665353	person	A.T.	Fouty	Unaffiliated	Wed Jan 18 20:54:33 UTC 2012	Wed Dec 18 00:18:25 UTC 2013						http://www.crunchbase.com/person/a-t-fouty			
a-thomas-loy	665354	person	A.	Thomas Loy	Unaffiliated	Sat Jan 11 11:15:14 UTC 2014	Sat Jan 11 11:21:21 UTC 2014						http://www.crunchbase.com/person/a-thomas-loy			
a-thomas-stavros	665355	person	A.	Thomas Stavros	Unaffiliated	Thu Jun 27 11:25:37 UTC 2013	Thu Jun 27 11:25:37 UTC 2013						http://www.crunchbase.com/person/a-thomas-stavros			
a-timothy-godwin	665356	person	A.	Timothy Godwin	Unaffiliated	Wed Nov 20 10:47:48 UTC 2013	Wed Nov 20 10:52:58 UTC 2013						http://www.crunchbase.com/person/a-timothy-godwin			
a-tracy-hassett	665357	person	A.	Tracy Hassett	Unaffiliated	Sat Dec 14 06:53:30 UTC 2013	Sat Dec 14 06:55:35 UTC 2013						http://www.crunchbase.com/person/a-tracy-hassett			
a-traviss-corry	665358	person	A.	Traviss Corry	Aden Earth Inc.	Thu Feb 17 16:41:13 UTC 2011	Mon Sep 19 02:14:45 UTC 2011	atravisscorry	http://atravisscorry.com/rss	http://ATravissCorry.com		2	http://www.crunchbase.com/person/a-traviss-corry	http://ATravissCorry.com	10	1974
a-v-krishnan	665359	person	A.V.	Krishnan	Unaffiliated	Wed Nov 23 05:31:33 UTC 2011	Thu Nov 24 04:32:49 UTC 2011						http://www.crunchbase.com/person/a-v-krishnan			
a-v-shridhar	665360	person	A.V.	Shridhar	Unaffiliated	Tue Aug 26 06:37:16 UTC 2008	Fri Aug 29 14:22:42 UTC 2008						http://www.crunchbase.com/person/a-v-shridhar			
a-vask	665361	person	A	Vask	Unaffiliated	Wed Dec 15 17:48:47 UTC 2010	Thu Dec 16 08:15:41 UTC 2010	avask	http://www.a-vask.dk	http://www.a-vask.dk		12	http://www.crunchbase.com/person/a-vask	http://www.a-vask.dk	9	1978
a-vietch	665362	person	A.	Vietch	Unaffiliated	Mon Nov 23 05:36:58 UTC 2009	Mon Nov 23 18:11:39 UTC 2009						http://www.crunchbase.com/person/a-vietch			
a-wells-black-jr	665363	person	A	Wells Black Jr	Unaffiliated	Fri Jan 22 22:27:27 UTC 2010	Sat Jan 23 01:18:13 UTC 2010						http://www.crunchbase.com/person/a-wells-black-jr			
a-z	665364	person	A.	Z.	Unaffiliated	Fri Mar 01 08:27:11 UTC 2013	Mon Mar 04 20:38:29 UTC 2013						http://www.crunchbase.com/person/a-z			
aa-aa	665365	person	AA	AA	Unaffiliated	Mon Jan 20 16:07:13 UTC 2014	Tue Jan 21 06:23:24 UTC 2014						http://www.crunchbase.com/person/aa-aa			
aa-s	665366	person	aa	s	Unaffiliated	Tue Feb 19 18:33:14 UTC 2013	Fri Feb 22 23:05:46 UTC 2013						http://www.crunchbase.com/person/aa-s			
aaa-bbb	665368	person	Javier	de la Ossa	Tetuan Valley	Thu Nov 11 10:42:54 UTC 2010	Sat Dec 18 20:47:19 UTC 2010						http://www.crunchbase.com/person/aaa-bbb			
aabid-hussain	665369	person	Aabid	Hussain	Unaffiliated	Tue Sep 10 19:06:45 UTC 2013	Wed Sep 11 18:44:55 UTC 2013						http://www.crunchbase.com/person/aabid-hussain			
aadam-brown	665370	person	Aadam	Brown	Unaffiliated	Mon Aug 29 20:06:43 UTC 2011	Wed Aug 31 01:27:53 UTC 2011						http://www.crunchbase.com/person/aadam-brown			
aadarsh-agarwal	665371	person	Aadarsh	Agarwal	Unaffiliated	Mon Aug 12 21:36:23 UTC 2013	Mon Aug 12 22:01:35 UTC 2013						http://www.crunchbase.com/person/aadarsh-agarwal			
aadarsh-bohara	665372	person	Aadarsh	Bohara	Unaffiliated	Wed Dec 18 10:25:57 UTC 2013	Wed Dec 18 10:28:15 UTC 2013	anbohara					http://www.crunchbase.com/person/aadarsh-bohara			
aaden-halbert	665373	person	Aaden	Halbert	Tiinkk	Mon Sep 09 05:21:39 UTC 2013	Wed Sep 25 18:06:38 UTC 2013	AadenTiinkk				4	http://www.crunchbase.com/person/aaden-halbert		12	1987
aadesh-goyal	665374	person	Aadesh	Goyal	Unaffiliated	Wed Jan 01 10:51:38 UTC 2014	Fri Jan 03 06:48:35 UTC 2014						http://www.crunchbase.com/person/aadesh-goyal			
aadesh-jain	665375	person	Aadesh	Jain	Unaffiliated	Fri Oct 04 07:20:29 UTC 2013	Fri Oct 04 17:52:47 UTC 2013						http://www.crunchbase.com/person/aadesh-jain			
aalok-purohit	665408	person	Aalok	Purohit	Unaffiliated	Mon Jul 11 16:38:16 UTC 2011	Mon Jul 11 17:24:19 UTC 2011						http://www.crunchbase.com/person/aalok-purohit			
aalya-magsi	665409	person	Aalya	Magsi	Unaffiliated	Sat Aug 10 15:32:58 UTC 2013	Mon Aug 12 20:44:11 UTC 2013						http://www.crunchbase.com/person/aalya-magsi			
aalya-magsi-2	665410	person	Aalya	Magsi	Unaffiliated	Sat Aug 10 15:45:09 UTC 2013	Mon Aug 12 21:37:23 UTC 2013						http://www.crunchbase.com/person/aalya-magsi-2			
aamer-abbas	665411	person	Aamer	Abbas	Unaffiliated	Thu Jan 10 10:05:33 UTC 2013	Tue Jul 30 10:58:59 UTC 2013	aamerabbas					http://www.crunchbase.com/person/aamer-abbas	http://www.aamerabbas.com		
aamer-abdullah	665412	person	Aamer	Abdullah	Unaffiliated	Tue Jan 10 10:10:00 UTC 2012	Mon Oct 28 20:24:07 UTC 2013						http://www.crunchbase.com/person/aamer-abdullah			
aamer-hai	665413	person	Aamer	Hai	Unaffiliated	Fri May 04 10:07:45 UTC 2012	Sun May 06 07:06:52 UTC 2012						http://www.crunchbase.com/person/aamer-hai			
aamer-zaheer	665414	person	Aamer	Zaheer	Unaffiliated	Wed Jul 10 18:12:31 UTC 2013	Wed Jul 10 18:21:52 UTC 2013						http://www.crunchbase.com/person/aamer-zaheer	http://cvlab.lums.edu.pk/aamer-zaheer		
aamir-baig	665415	person	Aamir	Baig	Unaffiliated	Mon May 21 21:08:10 UTC 2012	Thu May 24 13:46:56 UTC 2012	baigaamir		http://blog.fillthecontainer.com		3	http://www.crunchbase.com/person/aamir-baig	http://www.fillthecontainer.com	27	1979
aamir-baig-2	665416	person	Aamir	Baig	Unaffiliated	Mon May 21 21:38:12 UTC 2012	Mon Oct 14 03:01:42 UTC 2013						http://www.crunchbase.com/person/aamir-baig-2			
aamir-butt	665417	person	Aamir	Butt	Unaffiliated	Fri Mar 07 12:21:51 UTC 2014	Fri Mar 07 12:46:58 UTC 2014						http://www.crunchbase.com/person/aamir-butt			
aamir-dallashe	665418	person	Aamir	Dallashe	Bakehila	Sat Aug 31 04:29:47 UTC 2013	Sat Aug 31 04:29:47 UTC 2013						http://www.crunchbase.com/person/aamir-dallashe			
